http://www.wikidata.org/entity/Q5428874,owl:equivalentClass,http://kbpedia.org/kko/rc/AcademicProfessional
http://www.wikidata.org/entity/Q326653,owl:equivalentClass,http://kbpedia.org/kko/rc/Accountant
http://www.wikidata.org/entity/Q11957145,owl:equivalentClass,http://kbpedia.org/kko/rc/Acrobat
http://www.wikidata.org/entity/Q15253558,owl:equivalentClass,http://kbpedia.org/kko/rc/Activist
http://www.wikidata.org/entity/Q33999,owl:equivalentClass,http://kbpedia.org/kko/rc/Actor
http://www.wikidata.org/entity/Q2259451,owl:equivalentClass,http://kbpedia.org/kko/rc/ActorInPlays
http://www.wikidata.org/entity/Q10798782,owl:equivalentClass,http://kbpedia.org/kko/rc/ActorOnTV
http://www.wikidata.org/entity/Q8564242,owl:equivalentClass,http://kbpedia.org/kko/rc/Adherent
http://www.wikidata.org/entity/Q358827,owl:equivalentClass,http://kbpedia.org/kko/rc/Administrator
http://www.wikidata.org/entity/Q132851,owl:equivalentClass,http://kbpedia.org/kko/rc/Admiral-Rank
http://www.wikidata.org/entity/Q467,owl:equivalentClass,http://kbpedia.org/kko/rc/AdultFemaleHuman
http://www.wikidata.org/entity/Q8441,owl:equivalentClass,http://kbpedia.org/kko/rc/AdultMaleHuman
http://www.wikidata.org/entity/Q2994387,owl:equivalentClass,http://kbpedia.org/kko/rc/Advisor
http://www.wikidata.org/entity/Q380075,owl:equivalentClass,http://kbpedia.org/kko/rc/Advocate
http://www.wikidata.org/entity/Q1781198,owl:equivalentClass,http://kbpedia.org/kko/rc/Agronomist
http://www.wikidata.org/entity/Q5184855,owl:equivalentClass,http://kbpedia.org/kko/rc/AircraftCrewMember
http://www.wikidata.org/entity/Q2837942,owl:equivalentClass,http://kbpedia.org/kko/rc/Allergist
http://www.wikidata.org/entity/Q139627,owl:equivalentClass,http://kbpedia.org/kko/rc/AltarServer
http://www.wikidata.org/entity/Q6632898,owl:equivalentClass,http://kbpedia.org/kko/rc/AlternativeMedicinePractitioner
http://www.wikidata.org/entity/Q508719,owl:equivalentClass,http://kbpedia.org/kko/rc/Alumnus
http://www.wikidata.org/entity/Q121998,owl:equivalentClass,http://kbpedia.org/kko/rc/Ambassador
http://www.wikidata.org/entity/Q29645880,owl:equivalentClass,http://kbpedia.org/kko/rc/AmbassadorFromCountry
http://www.wikidata.org/entity/Q29645886,owl:equivalentClass,http://kbpedia.org/kko/rc/AmbassadorToCountry
http://www.wikidata.org/entity/Q8198317,owl:equivalentClass,http://kbpedia.org/kko/rc/Analyst
http://www.wikidata.org/entity/Q207959,owl:equivalentClass,http://kbpedia.org/kko/rc/AndrogynousPerson
http://www.wikidata.org/entity/Q28837,owl:equivalentClass,http://kbpedia.org/kko/rc/Anesthesiologist
http://www.wikidata.org/entity/Q8011071,owl:equivalentClass,http://kbpedia.org/kko/rc/AnimalTrainer
http://www.wikidata.org/entity/Q1371925,owl:equivalentClass,http://kbpedia.org/kko/rc/Announcer
http://www.wikidata.org/entity/Q4773904,owl:equivalentClass,http://kbpedia.org/kko/rc/Anthropologist
http://www.wikidata.org/entity/Q787519,owl:equivalentClass,http://kbpedia.org/kko/rc/ArabAmerican
http://www.wikidata.org/entity/Q49476,owl:equivalentClass,http://kbpedia.org/kko/rc/Archbishop
http://www.wikidata.org/entity/Q633730,owl:equivalentClass,http://kbpedia.org/kko/rc/Archdeacon
http://www.wikidata.org/entity/Q42973,owl:equivalentClass,http://kbpedia.org/kko/rc/Architect
http://www.wikidata.org/entity/Q123432,owl:equivalentClass,http://kbpedia.org/kko/rc/Aristocrat
http://www.wikidata.org/entity/Q3276013,owl:equivalentClass,http://kbpedia.org/kko/rc/ArticulateOrEloquent
http://www.wikidata.org/entity/Q483501,owl:equivalentClass,http://kbpedia.org/kko/rc/Artist
http://www.wikidata.org/entity/Q16010345,owl:equivalentClass,http://kbpedia.org/kko/rc/Artist-Performer
http://www.wikidata.org/entity/Q3391743,owl:equivalentClass,http://kbpedia.org/kko/rc/Artist-Visual
http://www.wikidata.org/entity/Q34069,owl:equivalentClass,http://kbpedia.org/kko/rc/AshkenaziJews
http://www.wikidata.org/entity/Q4058325,owl:equivalentClass,http://kbpedia.org/kko/rc/AsianPeople
http://www.wikidata.org/entity/Q18029574,owl:equivalentClass,http://kbpedia.org/kko/rc/Associate
http://www.wikidata.org/entity/Q11063,owl:equivalentClass,http://kbpedia.org/kko/rc/Astronomer
http://www.wikidata.org/entity/Q13211738,owl:equivalentClass,http://kbpedia.org/kko/rc/Atheist
http://www.wikidata.org/entity/Q2066131,owl:equivalentClass,http://kbpedia.org/kko/rc/Athlete
http://www.wikidata.org/entity/Q544178,owl:equivalentClass,http://kbpedia.org/kko/rc/Attache
http://www.wikidata.org/entity/Q4818196,owl:equivalentClass,http://kbpedia.org/kko/rc/Attendant
http://www.wikidata.org/entity/Q636207,owl:equivalentClass,http://kbpedia.org/kko/rc/AttorneyGeneral
http://www.wikidata.org/entity/Q2419551,owl:equivalentClass,http://kbpedia.org/kko/rc/Auburn-HairColor
http://www.wikidata.org/entity/Q859044,owl:equivalentClass,http://kbpedia.org/kko/rc/AudioRecordingEngineer
http://www.wikidata.org/entity/Q482980,owl:equivalentClass,http://kbpedia.org/kko/rc/Author
http://www.wikidata.org/entity/Q1647742,owl:equivalentClass,http://kbpedia.org/kko/rc/Aviator
http://www.wikidata.org/entity/Q163727,kko:isRelatedTo,http://kbpedia.org/kko/rc/BachelorLevel
http://www.wikidata.org/entity/Q13141064,owl:equivalentClass,http://kbpedia.org/kko/rc/BadmintonPlayer
http://www.wikidata.org/entity/Q805221,owl:equivalentClass,http://kbpedia.org/kko/rc/BalletDancer
http://www.wikidata.org/entity/Q806798,owl:equivalentClass,http://kbpedia.org/kko/rc/Banker
http://www.wikidata.org/entity/Q93191,owl:equivalentClass,http://kbpedia.org/kko/rc/BaptistPerson
http://www.wikidata.org/entity/Q808132,owl:equivalentClass,http://kbpedia.org/kko/rc/BarefootPerson
http://www.wikidata.org/entity/Q808967,owl:equivalentClass,http://kbpedia.org/kko/rc/Barrister
http://www.wikidata.org/entity/Q1147776,owl:equivalentClass,http://kbpedia.org/kko/rc/BaseballInfielder
http://www.wikidata.org/entity/Q1142885,owl:equivalentClass,http://kbpedia.org/kko/rc/BaseballOutfielder
http://www.wikidata.org/entity/Q10871364,owl:equivalentClass,http://kbpedia.org/kko/rc/BaseballPlayer
http://www.wikidata.org/entity/Q3665646,owl:equivalentClass,http://kbpedia.org/kko/rc/BasketballPlayer
http://www.wikidata.org/entity/Q44810,owl:equivalentClass,http://kbpedia.org/kko/rc/Bigfoot
http://www.wikidata.org/entity/Q1062083,owl:equivalentClass,http://kbpedia.org/kko/rc/Billionaire
http://www.wikidata.org/entity/Q51954785,owl:equivalentClass,http://kbpedia.org/kko/rc/Biogeographer
http://www.wikidata.org/entity/Q864503,owl:equivalentClass,http://kbpedia.org/kko/rc/Biologist
http://www.wikidata.org/entity/Q43200,owl:equivalentClass,http://kbpedia.org/kko/rc/BisexualHuman
http://www.wikidata.org/entity/Q29182,owl:equivalentClass,http://kbpedia.org/kko/rc/Bishop-Clerical
http://www.wikidata.org/entity/Q1922956,owl:equivalentClass,http://kbpedia.org/kko/rc/Black-HairColor
http://www.wikidata.org/entity/Q1191714,owl:equivalentClass,http://kbpedia.org/kko/rc/BlueCollarWorker
http://www.wikidata.org/entity/Q15982795,owl:equivalentClass,http://kbpedia.org/kko/rc/Bodybuilder
http://www.wikidata.org/entity/Q25553087,owl:equivalentClass,http://kbpedia.org/kko/rc/Bomber
http://www.wikidata.org/entity/Q1431089,kko:superClassOf,http://kbpedia.org/kko/rc/BosnianCroat
http://www.wikidata.org/entity/Q2374149,owl:equivalentClass,http://kbpedia.org/kko/rc/Botanist
http://www.wikidata.org/entity/Q11338576,owl:equivalentClass,http://kbpedia.org/kko/rc/Boxer
http://www.wikidata.org/entity/Q47140,owl:equivalentClass,http://kbpedia.org/kko/rc/Brahmin
http://www.wikidata.org/entity/Q4971466,owl:equivalentClass,http://kbpedia.org/kko/rc/BritishPerson
http://www.wikidata.org/entity/Q160117,owl:equivalentClass,http://kbpedia.org/kko/rc/Broker
http://www.wikidata.org/entity/Q2367101,owl:equivalentClass,http://kbpedia.org/kko/rc/Brown-HairColor
http://www.wikidata.org/entity/Q7055,owl:equivalentClass,http://kbpedia.org/kko/rc/Buddha
http://www.wikidata.org/entity/Q854997,rdfs:subClassOf,http://kbpedia.org/kko/rc/BuddhistMonk
http://www.wikidata.org/entity/Q12786573,owl:equivalentClass,http://kbpedia.org/kko/rc/BuddhistPerson
http://www.wikidata.org/entity/Q549322,owl:equivalentClass,http://kbpedia.org/kko/rc/Bullfighter
http://www.wikidata.org/entity/Q43845,owl:equivalentClass,http://kbpedia.org/kko/rc/BusinessPerson
http://www.wikidata.org/entity/Q1308239,owl:equivalentClass,http://kbpedia.org/kko/rc/Buyer-Professional
http://www.wikidata.org/entity/Q45722,owl:equivalentClass,http://kbpedia.org/kko/rc/Cardinal-CatholicBishop
http://www.wikidata.org/entity/Q3264451,owl:equivalentClass,http://kbpedia.org/kko/rc/Cardiologist
http://www.wikidata.org/entity/Q553079,owl:equivalentClass,http://kbpedia.org/kko/rc/Caregiver
http://www.wikidata.org/entity/Q133602,owl:equivalentClass,http://kbpedia.org/kko/rc/Carolingian-Monarch-HeadOfState
http://www.wikidata.org/entity/Q1735282,owl:equivalentClass,http://kbpedia.org/kko/rc/Cashier
http://www.wikidata.org/entity/Q1056901,owl:equivalentClass,http://kbpedia.org/kko/rc/Casualty
http://www.wikidata.org/entity/Q7327880,owl:equivalentClass,http://kbpedia.org/kko/rc/CatholicPerson
http://www.wikidata.org/entity/Q250867,owl:equivalentClass,http://kbpedia.org/kko/rc/CatholicPriest
http://www.wikidata.org/entity/Q211236,owl:equivalentClass,http://kbpedia.org/kko/rc/Celebrity
http://www.wikidata.org/entity/Q49297,rdfs:subClassOf,http://kbpedia.org/kko/rc/CensusGroupOfUSNativeAmericans-Generic
http://www.wikidata.org/entity/Q373085,owl:equivalentClass,http://kbpedia.org/kko/rc/Chancellor-HeadOfGovernment
http://www.wikidata.org/entity/Q6609366,owl:equivalentClass,http://kbpedia.org/kko/rc/Cheerleader
http://www.wikidata.org/entity/Q3499072,owl:equivalentClass,http://kbpedia.org/kko/rc/Chef
http://www.wikidata.org/entity/Q8357276,owl:equivalentClass,http://kbpedia.org/kko/rc/ChefBySpecialty
http://www.wikidata.org/entity/Q593644,owl:equivalentClass,http://kbpedia.org/kko/rc/Chemist
http://www.wikidata.org/entity/Q7569,owl:equivalentClass,http://kbpedia.org/kko/rc/Child
http://www.wikidata.org/entity/Q6501380,kko:isAbout,http://kbpedia.org/kko/rc/ChinesePerson
http://www.wikidata.org/entity/Q106039,owl:equivalentClass,http://kbpedia.org/kko/rc/ChristianPerson
http://www.wikidata.org/entity/Q17307272,owl:equivalentClass,http://kbpedia.org/kko/rc/CircusPerformer
http://www.wikidata.org/entity/Q1020994,owl:equivalentClass,http://kbpedia.org/kko/rc/Citizen
http://www.wikidata.org/entity/Q206887,owl:equivalentClass,http://kbpedia.org/kko/rc/Civilian
http://www.wikidata.org/entity/Q212238,owl:equivalentClass,http://kbpedia.org/kko/rc/CivilServant
http://www.wikidata.org/entity/Q2259532,owl:equivalentClass,http://kbpedia.org/kko/rc/Cleric
http://www.wikidata.org/entity/Q738142,owl:equivalentClass,http://kbpedia.org/kko/rc/ClericalWorker
http://www.wikidata.org/entity/Q3951423,owl:equivalentClass,http://kbpedia.org/kko/rc/Climber-Athlete
http://www.wikidata.org/entity/Q7358,owl:equivalentClass,http://kbpedia.org/kko/rc/Clown
http://www.wikidata.org/entity/Q21468747,owl:equivalentClass,http://kbpedia.org/kko/rc/CoalMiner
http://www.wikidata.org/entity/Q3243461,owl:equivalentClass,http://kbpedia.org/kko/rc/Collector
http://www.wikidata.org/entity/Q245068,owl:equivalentClass,http://kbpedia.org/kko/rc/Comedian
http://www.wikidata.org/entity/Q189290,kko:superClassOf,http://kbpedia.org/kko/rc/CommissionedOfficer
http://www.wikidata.org/entity/Q189290,kko:superClassOf,http://kbpedia.org/kko/rc/CommissionedOfficerTypeByRank
http://www.wikidata.org/entity/Q524778,owl:equivalentClass,http://kbpedia.org/kko/rc/Commissioner-Rank
http://www.wikidata.org/entity/Q55754031,owl:equivalentClass,http://kbpedia.org/kko/rc/CommitteeMember
http://www.wikidata.org/entity/Q1120514,owl:equivalentClass,http://kbpedia.org/kko/rc/Communicator
http://www.wikidata.org/entity/Q28528560,owl:equivalentClass,http://kbpedia.org/kko/rc/Communist
http://www.wikidata.org/entity/Q673633,owl:equivalentClass,http://kbpedia.org/kko/rc/Comptroller
http://www.wikidata.org/entity/Q5482740,owl:equivalentClass,http://kbpedia.org/kko/rc/ComputerProgrammer
http://www.wikidata.org/entity/Q210167,owl:equivalentClass,http://kbpedia.org/kko/rc/ComputerProgrammerProfessional
http://www.wikidata.org/entity/Q82594,owl:equivalentClass,http://kbpedia.org/kko/rc/ComputerScientist
http://www.wikidata.org/entity/Q278368,owl:equivalentClass,http://kbpedia.org/kko/rc/ComputerUser
http://www.wikidata.org/entity/Q811122,owl:equivalentClass,http://kbpedia.org/kko/rc/ConstructionWorker
http://www.wikidata.org/entity/Q15978655,owl:equivalentClass,http://kbpedia.org/kko/rc/Consultant
http://www.wikidata.org/entity/Q11488158,owl:equivalentClass,http://kbpedia.org/kko/rc/CorporateOfficer
http://www.wikidata.org/entity/Q1155838,owl:equivalentClass,http://kbpedia.org/kko/rc/Correspondent
http://www.wikidata.org/entity/Q5174946,owl:equivalentClass,http://kbpedia.org/kko/rc/CostaRicanPerson
http://www.wikidata.org/entity/Q3519259,owl:equivalentClass,http://kbpedia.org/kko/rc/Count-Nobleman
http://www.wikidata.org/entity/Q5177051,owl:equivalentClass,http://kbpedia.org/kko/rc/Countess
http://www.wikidata.org/entity/Q848466,owl:equivalentClass,http://kbpedia.org/kko/rc/Courier-Generic
http://www.wikidata.org/entity/Q1294787,owl:equivalentClass,http://kbpedia.org/kko/rc/CraftWorker
http://www.wikidata.org/entity/Q635155,owl:equivalentClass,http://kbpedia.org/kko/rc/Creator-Person
http://www.wikidata.org/entity/Q45199,rdfs:subClassOf,http://kbpedia.org/kko/rc/CrewMemberOnShip
http://www.wikidata.org/entity/Q12299841,owl:equivalentClass,http://kbpedia.org/kko/rc/Cricketer
http://www.wikidata.org/entity/Q2159907,owl:equivalentClass,http://kbpedia.org/kko/rc/Criminal
http://www.wikidata.org/entity/Q19829999,owl:equivalentClass,http://kbpedia.org/kko/rc/CulturalAcademic
http://www.wikidata.org/entity/Q5716684,owl:equivalentClass,http://kbpedia.org/kko/rc/Dancer
http://www.wikidata.org/entity/Q507170,owl:equivalentClass,http://kbpedia.org/kko/rc/DanishPerson
http://www.wikidata.org/entity/Q2961574,owl:equivalentClass,http://kbpedia.org/kko/rc/DeliveryPerson
http://www.wikidata.org/entity/Q342240,owl:equivalentClass,http://kbpedia.org/kko/rc/Democrat
http://www.wikidata.org/entity/Q27349,owl:equivalentClass,http://kbpedia.org/kko/rc/Dentist
http://www.wikidata.org/entity/Q2689057,owl:equivalentClass,http://kbpedia.org/kko/rc/Dependable-Personality
http://www.wikidata.org/entity/Q171171,kko:isAbout,http://kbpedia.org/kko/rc/Dermatologist
http://www.wikidata.org/entity/Q2447386,owl:equivalentClass,http://kbpedia.org/kko/rc/Dermatologist
http://www.wikidata.org/entity/Q5322166,owl:equivalentClass,http://kbpedia.org/kko/rc/Designer
http://www.wikidata.org/entity/Q183318,owl:equivalentClass,http://kbpedia.org/kko/rc/Dictator-HeadOfGovernment
http://www.wikidata.org/entity/Q193391,owl:equivalentClass,http://kbpedia.org/kko/rc/Diplomat
http://www.wikidata.org/entity/Q2526255,owl:equivalentClass,http://kbpedia.org/kko/rc/Director-Movie
http://www.wikidata.org/entity/Q39631,owl:equivalentClass,http://kbpedia.org/kko/rc/Doctor-Medical
http://www.wikidata.org/entity/Q10384029,owl:equivalentClass,http://kbpedia.org/kko/rc/DrugTrafficker
http://www.wikidata.org/entity/Q163943,owl:equivalentClass,http://kbpedia.org/kko/rc/Druze-Muslim
http://www.wikidata.org/entity/Q4593319,owl:equivalentClass,http://kbpedia.org/kko/rc/Duchess
http://www.wikidata.org/entity/Q166886,owl:equivalentClass,http://kbpedia.org/kko/rc/Duke
http://www.wikidata.org/entity/Q188094,owl:equivalentClass,http://kbpedia.org/kko/rc/Economist
http://www.wikidata.org/entity/Q1607826,owl:equivalentClass,http://kbpedia.org/kko/rc/Editor
http://www.wikidata.org/entity/Q618536,owl:equivalentClass,http://kbpedia.org/kko/rc/ElectoralCandidate
http://www.wikidata.org/entity/Q1326886,owl:equivalentClass,http://kbpedia.org/kko/rc/ElectricalEngineer
http://www.wikidata.org/entity/Q192797,owl:equivalentClass,http://kbpedia.org/kko/rc/Elite
http://www.wikidata.org/entity/Q330204,owl:equivalentClass,http://kbpedia.org/kko/rc/EmergencyWorker
http://www.wikidata.org/entity/Q39018,owl:equivalentClass,http://kbpedia.org/kko/rc/Emperor-HeadOfState
http://www.wikidata.org/entity/Q703534,owl:equivalentClass,http://kbpedia.org/kko/rc/Employee
http://www.wikidata.org/entity/Q4531850,owl:equivalentClass,http://kbpedia.org/kko/rc/Endocrinologist
http://www.wikidata.org/entity/Q81096,owl:equivalentClass,http://kbpedia.org/kko/rc/Engineer
http://www.wikidata.org/entity/Q42406,owl:equivalentClass,http://kbpedia.org/kko/rc/EnglishPerson
http://www.wikidata.org/entity/Q5379090,owl:equivalentClass,http://kbpedia.org/kko/rc/EnlistedPerson
http://www.wikidata.org/entity/Q138858,owl:equivalentClass,http://kbpedia.org/kko/rc/Entertainer
http://www.wikidata.org/entity/Q3055126,owl:equivalentClass,http://kbpedia.org/kko/rc/Entomologist
http://www.wikidata.org/entity/Q8421894,owl:equivalentClass,http://kbpedia.org/kko/rc/Escort-EntertainmentProvider
http://www.wikidata.org/entity/Q860918,owl:equivalentClass,http://kbpedia.org/kko/rc/Esperantist
http://www.wikidata.org/entity/Q5403434,owl:equivalentClass,http://kbpedia.org/kko/rc/Ethicist
http://www.wikidata.org/entity/Q41710,owl:equivalentClass,http://kbpedia.org/kko/rc/EthnicGroup
http://www.wikidata.org/entity/Q340581,owl:equivalentClass,http://kbpedia.org/kko/rc/EthnicGroupOfAcholi
http://www.wikidata.org/entity/Q1075929,owl:equivalentClass,http://kbpedia.org/kko/rc/EthnicGroupOfAfricans
http://www.wikidata.org/entity/Q1563891,owl:equivalentClass,http://kbpedia.org/kko/rc/EthnicGroupOfAfro-Arabs
http://www.wikidata.org/entity/Q3777040,owl:equivalentClass,http://kbpedia.org/kko/rc/EthnicGroupOfAndalusians
http://www.wikidata.org/entity/Q102090,owl:equivalentClass,http://kbpedia.org/kko/rc/EthnicGroupOfApaches
http://www.wikidata.org/entity/Q4783129,owl:equivalentClass,http://kbpedia.org/kko/rc/EthnicGroupOfArab-Berbers
http://www.wikidata.org/entity/Q35323,owl:equivalentClass,http://kbpedia.org/kko/rc/EthnicGroupOfArabs
http://www.wikidata.org/entity/Q79797,owl:equivalentClass,http://kbpedia.org/kko/rc/EthnicGroupOfArmenians
http://www.wikidata.org/entity/Q4058325,owl:equivalentClass,http://kbpedia.org/kko/rc/EthnicGroupOfAsians
http://www.wikidata.org/entity/Q377085,owl:equivalentClass,http://kbpedia.org/kko/rc/EthnicGroupOfAssyrians
http://www.wikidata.org/entity/Q170355,owl:equivalentClass,http://kbpedia.org/kko/rc/EthnicGroupOfAustralianAborigines
http://www.wikidata.org/entity/Q1318423,owl:equivalentClass,http://kbpedia.org/kko/rc/EthnicGroupOfAustralians
http://www.wikidata.org/entity/Q640090,owl:equivalentClass,http://kbpedia.org/kko/rc/EthnicGroupOfBakongo
http://www.wikidata.org/entity/Q201501,owl:equivalentClass,http://kbpedia.org/kko/rc/EthnicGroupOfBaluchis
http://www.wikidata.org/entity/Q397528,owl:equivalentClass,http://kbpedia.org/kko/rc/EthnicGroupOfBantus
http://www.wikidata.org/entity/Q126756,owl:equivalentClass,http://kbpedia.org/kko/rc/EthnicGroupOfBasques
http://www.wikidata.org/entity/Q402913,owl:equivalentClass,http://kbpedia.org/kko/rc/EthnicGroupOfBengalis
http://www.wikidata.org/entity/Q45315,owl:equivalentClass,http://kbpedia.org/kko/rc/EthnicGroupOfBerbers
http://www.wikidata.org/entity/Q6987636,owl:equivalentClass,http://kbpedia.org/kko/rc/EthnicGroupOfBlacks
http://www.wikidata.org/entity/Q309197,owl:equivalentClass,http://kbpedia.org/kko/rc/EthnicGroupOfBretons
http://www.wikidata.org/entity/Q686949,owl:equivalentClass,http://kbpedia.org/kko/rc/EthnicGroupOfCajuns
http://www.wikidata.org/entity/Q244504,owl:equivalentClass,http://kbpedia.org/kko/rc/EthnicGroupOfCatalans
http://www.wikidata.org/entity/Q7628526,owl:equivalentClass,http://kbpedia.org/kko/rc/EthnicGroupOfCaucasians
http://www.wikidata.org/entity/Q35966,owl:equivalentClass,http://kbpedia.org/kko/rc/EthnicGroupOfCelts
http://www.wikidata.org/entity/Q383256,owl:equivalentClass,http://kbpedia.org/kko/rc/EthnicGroupOfCham
http://www.wikidata.org/entity/Q31230,owl:equivalentClass,http://kbpedia.org/kko/rc/EthnicGroupOfChechens
http://www.wikidata.org/entity/Q2687991,owl:equivalentClass,http://kbpedia.org/kko/rc/EthnicGroupOfChinese
http://www.wikidata.org/entity/Q15763,owl:equivalentClass,http://kbpedia.org/kko/rc/EthnicGroupOfCircassians
http://www.wikidata.org/entity/Q167420,owl:equivalentClass,http://kbpedia.org/kko/rc/EthnicGroupOfCroatians
http://www.wikidata.org/entity/Q69798,owl:equivalentClass,http://kbpedia.org/kko/rc/EthnicGroupOfDravidians
http://www.wikidata.org/entity/Q2035668,owl:equivalentClass,http://kbpedia.org/kko/rc/EthnicGroupOfEastIndians
http://www.wikidata.org/entity/Q1464982,owl:equivalentClass,http://kbpedia.org/kko/rc/EthnicGroupOfEuropeans
http://www.wikidata.org/entity/Q4172847,owl:equivalentClass,http://kbpedia.org/kko/rc/EthnicGroupOfFilipinos
http://www.wikidata.org/entity/Q170284,owl:equivalentClass,http://kbpedia.org/kko/rc/EthnicGroupOfFinns
http://www.wikidata.org/entity/Q242485,owl:equivalentClass,http://kbpedia.org/kko/rc/EthnicGroupOfFlemish
http://www.wikidata.org/entity/Q121842,kko:superClassOf,http://kbpedia.org/kko/rc/EthnicGroupOfFrench
http://www.wikidata.org/entity/Q202575,owl:equivalentClass,http://kbpedia.org/kko/rc/EthnicGroupOfFula
http://www.wikidata.org/entity/Q752526,owl:equivalentClass,http://kbpedia.org/kko/rc/EthnicGroupOfGalicians
http://www.wikidata.org/entity/Q22633,owl:equivalentClass,http://kbpedia.org/kko/rc/EthnicGroupOfGermans
http://www.wikidata.org/entity/Q1282294,owl:equivalentClass,http://kbpedia.org/kko/rc/EthnicGroupOfGujaratis
http://www.wikidata.org/entity/Q42740,owl:equivalentClass,http://kbpedia.org/kko/rc/EthnicGroupOfHanChinese
http://www.wikidata.org/entity/Q33938,owl:equivalentClass,http://kbpedia.org/kko/rc/EthnicGroupOfHausa
http://www.wikidata.org/entity/Q115473,owl:equivalentClass,http://kbpedia.org/kko/rc/EthnicGroupOfHazara
http://www.wikidata.org/entity/Q1211934,owl:equivalentClass,http://kbpedia.org/kko/rc/EthnicGroupOfHispanics
http://www.wikidata.org/entity/Q219252,owl:equivalentClass,http://kbpedia.org/kko/rc/EthnicGroupOfHottentots
http://www.wikidata.org/entity/Q244157,owl:equivalentClass,http://kbpedia.org/kko/rc/EthnicGroupOfIbo
http://www.wikidata.org/entity/Q862086,owl:equivalentClass,http://kbpedia.org/kko/rc/EthnicGroupOfIndia
http://www.wikidata.org/entity/Q1267849,owl:equivalentClass,http://kbpedia.org/kko/rc/EthnicGroupOfIndo-Aryans
http://www.wikidata.org/entity/Q83828,owl:equivalentClass,http://kbpedia.org/kko/rc/EthnicGroupOfIndonesians
http://www.wikidata.org/entity/Q131242,owl:equivalentClass,http://kbpedia.org/kko/rc/EthnicGroupOfInuit
http://www.wikidata.org/entity/Q170826,kko:superClassOf,http://kbpedia.org/kko/rc/EthnicGroupOfIrish
http://www.wikidata.org/entity/Q1752440,owl:equivalentClass,http://kbpedia.org/kko/rc/EthnicGroupOfIsraeliJews
http://www.wikidata.org/entity/Q50001,owl:equivalentClass,http://kbpedia.org/kko/rc/EthnicGroupOfItalians
http://www.wikidata.org/entity/Q49209,owl:equivalentClass,http://kbpedia.org/kko/rc/EthnicGroupOfJavanese
http://www.wikidata.org/entity/Q842323,owl:equivalentClass,http://kbpedia.org/kko/rc/EthnicGroupOfKhalkhaMongols
http://www.wikidata.org/entity/Q12223,owl:equivalentClass,http://kbpedia.org/kko/rc/EthnicGroupOfKurds
http://www.wikidata.org/entity/Q48199,owl:equivalentClass,http://kbpedia.org/kko/rc/EthnicGroupOfLapps
http://www.wikidata.org/entity/Q49540,owl:equivalentClass,http://kbpedia.org/kko/rc/EthnicGroupOfLatvians
http://www.wikidata.org/entity/Q1211717,owl:equivalentClass,http://kbpedia.org/kko/rc/EthnicGroupOfLuhya
http://www.wikidata.org/entity/Q133032,kko:superClassOf,http://kbpedia.org/kko/rc/EthnicGroupOfMagyars
http://www.wikidata.org/entity/Q142702,owl:equivalentClass,http://kbpedia.org/kko/rc/EthnicGroupOfMalays
http://www.wikidata.org/entity/Q1407391,owl:equivalentClass,http://kbpedia.org/kko/rc/EthnicGroupOfMande
http://www.wikidata.org/entity/Q6122670,owl:equivalentClass,http://kbpedia.org/kko/rc/EthnicGroupOfMaoris
http://www.wikidata.org/entity/Q4988656,owl:equivalentClass,http://kbpedia.org/kko/rc/EthnicGroupOfMaronites
http://www.wikidata.org/entity/Q106713,owl:equivalentClass,http://kbpedia.org/kko/rc/EthnicGroupOfMestizos
http://www.wikidata.org/entity/Q1378555,owl:equivalentClass,http://kbpedia.org/kko/rc/EthnicGroupOfMixedRace
http://www.wikidata.org/entity/Q169260,owl:equivalentClass,http://kbpedia.org/kko/rc/EthnicGroupOfMoors
http://www.wikidata.org/entity/Q12644212,owl:equivalentClass,http://kbpedia.org/kko/rc/EthnicGroupOfMuhajir
http://www.wikidata.org/entity/Q4317274,owl:equivalentClass,http://kbpedia.org/kko/rc/EthnicGroupOfNepalese
http://www.wikidata.org/entity/Q36747,owl:equivalentClass,http://kbpedia.org/kko/rc/EthnicGroupOfNewWorldNatives
http://www.wikidata.org/entity/Q1293452,owl:equivalentClass,http://kbpedia.org/kko/rc/EthnicGroupOfNordics
http://www.wikidata.org/entity/Q2065556,owl:equivalentClass,http://kbpedia.org/kko/rc/EthnicGroupOfPacificIslanders
http://www.wikidata.org/entity/Q12858207,owl:equivalentClass,http://kbpedia.org/kko/rc/EthnicGroupOfPakistanis
http://www.wikidata.org/entity/Q201190,owl:equivalentClass,http://kbpedia.org/kko/rc/EthnicGroupOfPalestinians
http://www.wikidata.org/entity/Q424129,owl:equivalentClass,http://kbpedia.org/kko/rc/EthnicGroupOfPapuans
http://www.wikidata.org/entity/Q2556103,owl:equivalentClass,http://kbpedia.org/kko/rc/EthnicGroupOfPashtun
http://www.wikidata.org/entity/Q484206,owl:equivalentClass,http://kbpedia.org/kko/rc/EthnicGroupOfPersians
http://www.wikidata.org/entity/Q1042001,owl:equivalentClass,http://kbpedia.org/kko/rc/EthnicGroupOfPolynesians
http://www.wikidata.org/entity/Q852431,owl:equivalentClass,http://kbpedia.org/kko/rc/EthnicGroupOfPuebloans
http://www.wikidata.org/entity/Q854323,owl:equivalentClass,http://kbpedia.org/kko/rc/EthnicGroupOfPunjabis
http://www.wikidata.org/entity/Q8060,owl:equivalentClass,http://kbpedia.org/kko/rc/EthnicGroupOfRom-Gypsy
http://www.wikidata.org/entity/Q49542,owl:equivalentClass,http://kbpedia.org/kko/rc/EthnicGroupOfRussians
http://www.wikidata.org/entity/Q181634,kko:superClassOf,http://kbpedia.org/kko/rc/EthnicGroupOfScots
http://www.wikidata.org/entity/Q739970,owl:equivalentClass,http://kbpedia.org/kko/rc/EthnicGroupOfSerer
http://www.wikidata.org/entity/Q200513,owl:equivalentClass,http://kbpedia.org/kko/rc/EthnicGroupOfSherpas
http://www.wikidata.org/entity/Q1258074,owl:equivalentClass,http://kbpedia.org/kko/rc/EthnicGroupOfSindhis
http://www.wikidata.org/entity/Q40477,owl:equivalentClass,http://kbpedia.org/kko/rc/EthnicGroupOfSlavs
http://www.wikidata.org/entity/Q1479328,owl:equivalentClass,http://kbpedia.org/kko/rc/EthnicGroupOfSouthAmericanNatives
http://www.wikidata.org/entity/Q1060646,owl:equivalentClass,http://kbpedia.org/kko/rc/EthnicGroupOfSouthAsians
http://www.wikidata.org/entity/Q160894,owl:equivalentClass,http://kbpedia.org/kko/rc/EthnicGroupOfSpain
http://www.wikidata.org/entity/Q845537,owl:equivalentClass,http://kbpedia.org/kko/rc/EthnicGroupOfSwedes
http://www.wikidata.org/entity/Q173491,owl:equivalentClass,http://kbpedia.org/kko/rc/EthnicGroupOfTamils
http://www.wikidata.org/entity/Q472834,kko:superClassOf,http://kbpedia.org/kko/rc/EthnicGroupOfThais
http://www.wikidata.org/entity/Q187985,owl:equivalentClass,http://kbpedia.org/kko/rc/EthnicGroupOfTibetans
http://www.wikidata.org/entity/Q58843,owl:equivalentClass,http://kbpedia.org/kko/rc/EthnicGroupOfTuaregs
http://www.wikidata.org/entity/Q83328,owl:equivalentClass,http://kbpedia.org/kko/rc/EthnicGroupOfTurks
http://www.wikidata.org/entity/Q46118,owl:equivalentClass,http://kbpedia.org/kko/rc/EthnicGroupOfUighur
http://www.wikidata.org/entity/Q190168,owl:equivalentClass,http://kbpedia.org/kko/rc/EthnicGroupOfYoruba
http://www.wikidata.org/entity/Q1464982,owl:equivalentClass,http://kbpedia.org/kko/rc/EuropeanCitizenOrSubject
http://www.wikidata.org/entity/Q267936,owl:equivalentClass,http://kbpedia.org/kko/rc/Executive
http://www.wikidata.org/entity/Q381160,owl:equivalentClass,http://kbpedia.org/kko/rc/Expert
http://www.wikidata.org/entity/Q176649,owl:equivalentClass,http://kbpedia.org/kko/rc/Explorer
http://www.wikidata.org/entity/Q466439,owl:equivalentClass,http://kbpedia.org/kko/rc/Extremist
http://www.wikidata.org/entity/Q11010088,owl:equivalentClass,http://kbpedia.org/kko/rc/FactoryWorker
http://www.wikidata.org/entity/Q12758374,owl:equivalentClass,http://kbpedia.org/kko/rc/FamilyMember
http://www.wikidata.org/entity/Q3505712,kko:isRelatedTo,http://kbpedia.org/kko/rc/FamilyPractitioner
http://www.wikidata.org/entity/Q56023946,owl:equivalentClass,http://kbpedia.org/kko/rc/Farmer
http://www.wikidata.org/entity/Q5060555,owl:equivalentClass,http://kbpedia.org/kko/rc/FarmWorker
http://www.wikidata.org/entity/Q4481595,owl:equivalentClass,http://kbpedia.org/kko/rc/Fascist
http://www.wikidata.org/entity/Q4610556,owl:equivalentClass,http://kbpedia.org/kko/rc/FashionModel
http://www.wikidata.org/entity/Q205555,kko:superClassOf,http://kbpedia.org/kko/rc/Feeling-MyersBriggs
http://www.wikidata.org/entity/Q1404101,owl:equivalentClass,http://kbpedia.org/kko/rc/Fellow
http://www.wikidata.org/entity/Q3031,owl:equivalentClass,http://kbpedia.org/kko/rc/FemaleChild
http://www.wikidata.org/entity/Q4172847,owl:equivalentClass,http://kbpedia.org/kko/rc/FilipinoPeople
http://www.wikidata.org/entity/Q683476,owl:equivalentClass,http://kbpedia.org/kko/rc/FinancialAdvisor
http://www.wikidata.org/entity/Q1048744,rdfs:subClassOf,http://kbpedia.org/kko/rc/FirstSecretary-HeadOfPoliticalParty
http://www.wikidata.org/entity/Q331432,owl:equivalentClass,http://kbpedia.org/kko/rc/Fisherman
http://www.wikidata.org/entity/Q674953,owl:equivalentClass,http://kbpedia.org/kko/rc/FootballDefensiveBack
http://www.wikidata.org/entity/Q3196356,kko:superClassOf,http://kbpedia.org/kko/rc/FootballKicker
http://www.wikidata.org/entity/Q5466404,rdfs:subClassOf,http://kbpedia.org/kko/rc/FootballPlayer-American
http://www.wikidata.org/entity/Q694589,owl:equivalentClass,http://kbpedia.org/kko/rc/FootballPlayer-AmericanTypeByPosition
http://www.wikidata.org/entity/Q912985,owl:equivalentClass,http://kbpedia.org/kko/rc/FootballRunningBack
http://www.wikidata.org/entity/Q3738699,owl:equivalentClass,http://kbpedia.org/kko/rc/Forester
http://www.wikidata.org/entity/Q215279,owl:equivalentClass,http://kbpedia.org/kko/rc/FreelanceWorker
http://www.wikidata.org/entity/Q2917380,owl:equivalentClass,http://kbpedia.org/kko/rc/Fugitive
http://www.wikidata.org/entity/Q46961,owl:equivalentClass,http://kbpedia.org/kko/rc/Gangster
http://www.wikidata.org/entity/Q19280221,owl:equivalentClass,http://kbpedia.org/kko/rc/Gastroenterologist
http://www.wikidata.org/entity/Q82723,owl:equivalentClass,http://kbpedia.org/kko/rc/Geisha
http://www.wikidata.org/entity/Q204310,owl:equivalentClass,http://kbpedia.org/kko/rc/Gendarme
http://www.wikidata.org/entity/Q204310,owl:equivalentClass,http://kbpedia.org/kko/rc/Gendarmerie
http://www.wikidata.org/entity/Q6500773,owl:equivalentClass,http://kbpedia.org/kko/rc/GeneralPractitioner
http://www.wikidata.org/entity/Q3126128,owl:equivalentClass,http://kbpedia.org/kko/rc/Geneticist
http://www.wikidata.org/entity/Q720,owl:equivalentClass,http://kbpedia.org/kko/rc/GenghisKhan
http://www.wikidata.org/entity/Q520549,owl:equivalentClass,http://kbpedia.org/kko/rc/Geologist
http://www.wikidata.org/entity/Q2580327,owl:equivalentClass,http://kbpedia.org/kko/rc/GeriatricDoctor
http://www.wikidata.org/entity/Q42884,owl:equivalentClass,http://kbpedia.org/kko/rc/GermanPerson
http://www.wikidata.org/entity/Q482999,owl:equivalentClass,http://kbpedia.org/kko/rc/Gladiator
http://www.wikidata.org/entity/Q11771944,owl:equivalentClass,http://kbpedia.org/kko/rc/GovernmentEmployee
http://www.wikidata.org/entity/Q508719,owl:equivalentClass,http://kbpedia.org/kko/rc/Graduate
http://www.wikidata.org/entity/Q21094889,owl:equivalentClass,http://kbpedia.org/kko/rc/GraduateStudent
http://www.wikidata.org/entity/Q59591222,owl:equivalentClass,http://kbpedia.org/kko/rc/Guerrilla
http://www.wikidata.org/entity/Q2640827,owl:equivalentClass,http://kbpedia.org/kko/rc/Gynecologist
http://www.wikidata.org/entity/Q1487,owl:equivalentClass,http://kbpedia.org/kko/rc/Hacker
http://www.wikidata.org/entity/Q336128,owl:equivalentClass,http://kbpedia.org/kko/rc/HairOnHead
http://www.wikidata.org/entity/Q13365117,owl:equivalentClass,http://kbpedia.org/kko/rc/HandballAthlete
http://www.wikidata.org/entity/Q2285706,owl:equivalentClass,http://kbpedia.org/kko/rc/HeadOfGovernment
http://www.wikidata.org/entity/Q48352,owl:equivalentClass,http://kbpedia.org/kko/rc/HeadOfState
http://www.wikidata.org/entity/Q3922583,owl:equivalentClass,http://kbpedia.org/kko/rc/HealthProfessional
http://www.wikidata.org/entity/Q200303,kko:isAbout,http://kbpedia.org/kko/rc/HeirHeiress
http://www.wikidata.org/entity/Q3144914,owl:equivalentClass,http://kbpedia.org/kko/rc/Hematologist
http://www.wikidata.org/entity/Q12059906,owl:equivalentClass,http://kbpedia.org/kko/rc/Herder
http://www.wikidata.org/entity/Q162244,owl:equivalentClass,http://kbpedia.org/kko/rc/Hero
http://www.wikidata.org/entity/Q10090,owl:equivalentClass,http://kbpedia.org/kko/rc/HinduPerson
http://www.wikidata.org/entity/Q201788,owl:equivalentClass,http://kbpedia.org/kko/rc/Historian
http://www.wikidata.org/entity/Q16335296,owl:equivalentClass,http://kbpedia.org/kko/rc/HistoricalOccupation
http://www.wikidata.org/entity/Q181765,owl:equivalentClass,http://kbpedia.org/kko/rc/HolyRomanEmperor
http://www.wikidata.org/entity/Q15978631,owl:equivalentClass,http://kbpedia.org/kko/rc/HomoSapiens
http://www.wikidata.org/entity/Q43868581,owl:equivalentClass,http://kbpedia.org/kko/rc/HomosexualHuman
http://www.wikidata.org/entity/Q19729565,owl:equivalentClass,http://kbpedia.org/kko/rc/HornPlayer
http://www.wikidata.org/entity/Q192620,owl:equivalentClass,http://kbpedia.org/kko/rc/Hostage
http://www.wikidata.org/entity/Q288728,owl:equivalentClass,http://kbpedia.org/kko/rc/Housepainter
http://www.wikidata.org/entity/Q9584157,owl:equivalentClass,http://kbpedia.org/kko/rc/HumanAdult
http://www.wikidata.org/entity/Q22855,owl:equivalentClass,http://kbpedia.org/kko/rc/HumanConsumer
http://www.wikidata.org/entity/Q998,owl:equivalentClass,http://kbpedia.org/kko/rc/HumanInfant
http://www.wikidata.org/entity/Q28819457,kko:isRelatedTo,http://kbpedia.org/kko/rc/Humanist
http://www.wikidata.org/entity/Q131774,owl:equivalentClass,http://kbpedia.org/kko/rc/HumanTeenager
http://www.wikidata.org/entity/Q133032,owl:equivalentClass,http://kbpedia.org/kko/rc/HungarianPeople
http://www.wikidata.org/entity/Q125482,owl:equivalentClass,http://kbpedia.org/kko/rc/Imam
http://www.wikidata.org/entity/Q15634285,owl:equivalentClass,http://kbpedia.org/kko/rc/Immunologist
http://www.wikidata.org/entity/Q103817,owl:equivalentClass,http://kbpedia.org/kko/rc/IndigenousPeople
http://www.wikidata.org/entity/Q36747,owl:equivalentClass,http://kbpedia.org/kko/rc/IndigenousPeoplesOfTheAmericas
http://www.wikidata.org/entity/Q11494960,owl:equivalentClass,http://kbpedia.org/kko/rc/InfectiousDiseaseSpecialist
http://www.wikidata.org/entity/Q3492227,owl:equivalentClass,http://kbpedia.org/kko/rc/Innovator
http://www.wikidata.org/entity/Q511138,owl:equivalentClass,http://kbpedia.org/kko/rc/Inspector-Professional
http://www.wikidata.org/entity/Q2341443,owl:equivalentClass,http://kbpedia.org/kko/rc/InstrumentMaker
http://www.wikidata.org/entity/Q58968,owl:equivalentClass,http://kbpedia.org/kko/rc/Intellectual
http://www.wikidata.org/entity/Q392651,owl:equivalentClass,http://kbpedia.org/kko/rc/IntelligenceAgent
http://www.wikidata.org/entity/Q15924224,owl:equivalentClass,http://kbpedia.org/kko/rc/Internist
http://www.wikidata.org/entity/Q127588,kko:superClassOf,http://kbpedia.org/kko/rc/Introvert-MyersBriggs
http://www.wikidata.org/entity/Q205375,owl:equivalentClass,http://kbpedia.org/kko/rc/Inventor
http://www.wikidata.org/entity/Q557880,owl:equivalentClass,http://kbpedia.org/kko/rc/Investor
http://www.wikidata.org/entity/Q68518,owl:equivalentClass,http://kbpedia.org/kko/rc/Iroquois-EthnicGroupOfNewWorldNatives
http://www.wikidata.org/entity/Q189746,owl:equivalentClass,http://kbpedia.org/kko/rc/Islamist
http://www.wikidata.org/entity/Q161652,owl:equivalentClass,http://kbpedia.org/kko/rc/JapanesePerson
http://www.wikidata.org/entity/Q1412733,owl:equivalentClass,http://kbpedia.org/kko/rc/JewishDiaspora
http://www.wikidata.org/entity/Q7325,owl:equivalentClass,http://kbpedia.org/kko/rc/JewishPerson
http://www.wikidata.org/entity/Q1930187,owl:equivalentClass,http://kbpedia.org/kko/rc/Journalist
http://www.wikidata.org/entity/Q16533,owl:equivalentClass,http://kbpedia.org/kko/rc/Judge
http://www.wikidata.org/entity/Q1516282,owl:equivalentClass,http://kbpedia.org/kko/rc/Juvenile
http://www.wikidata.org/entity/Q12097,owl:equivalentClass,http://kbpedia.org/kko/rc/King-HeadOfState
http://www.wikidata.org/entity/Q484464,owl:equivalentClass,http://kbpedia.org/kko/rc/KoreanPerson
http://www.wikidata.org/entity/Q191421,owl:equivalentClass,http://kbpedia.org/kko/rc/Lama-Priest
http://www.wikidata.org/entity/Q43184282,owl:equivalentClass,http://kbpedia.org/kko/rc/Landscaper
http://www.wikidata.org/entity/Q6503343,owl:equivalentClass,http://kbpedia.org/kko/rc/LawEnforcementOfficer
http://www.wikidata.org/entity/Q40348,owl:equivalentClass,http://kbpedia.org/kko/rc/Lawyer
http://www.wikidata.org/entity/Q2606511,kko:isAbout,http://kbpedia.org/kko/rc/LebanesePerson
http://www.wikidata.org/entity/Q15987302,owl:equivalentClass,http://kbpedia.org/kko/rc/LegalProfessional
http://www.wikidata.org/entity/Q4175034,owl:equivalentClass,http://kbpedia.org/kko/rc/Legislator
http://www.wikidata.org/entity/Q178598,kko:isAbout,http://kbpedia.org/kko/rc/Libertarian
http://www.wikidata.org/entity/Q7486004,owl:equivalentClass,http://kbpedia.org/kko/rc/Libertarian
http://www.wikidata.org/entity/Q182436,owl:equivalentClass,http://kbpedia.org/kko/rc/Librarian
http://www.wikidata.org/entity/Q2529166,owl:equivalentClass,http://kbpedia.org/kko/rc/LieutenantGovernor
http://www.wikidata.org/entity/Q224952,kko:superClassOf,http://kbpedia.org/kko/rc/LikelySuspect
http://www.wikidata.org/entity/Q14467526,owl:equivalentClass,http://kbpedia.org/kko/rc/Linguist
http://www.wikidata.org/entity/Q186192,owl:equivalentClass,http://kbpedia.org/kko/rc/LithuanianPeople
http://www.wikidata.org/entity/Q14565331,owl:equivalentClass,http://kbpedia.org/kko/rc/Logician
http://www.wikidata.org/entity/Q332209,owl:equivalentClass,http://kbpedia.org/kko/rc/Lord
http://www.wikidata.org/entity/Q2555173,owl:equivalentClass,http://kbpedia.org/kko/rc/Loyalist
http://www.wikidata.org/entity/Q310983,owl:equivalentClass,http://kbpedia.org/kko/rc/MadagascarPerson
http://www.wikidata.org/entity/Q15855449,owl:equivalentClass,http://kbpedia.org/kko/rc/Magician
http://www.wikidata.org/entity/Q48362,kko:isRelatedTo,http://kbpedia.org/kko/rc/MahayanaBuddhistPerson
http://www.wikidata.org/entity/Q1552579,owl:equivalentClass,http://kbpedia.org/kko/rc/MaintenancePerson
http://www.wikidata.org/entity/Q3010,owl:equivalentClass,http://kbpedia.org/kko/rc/MaleChild
http://www.wikidata.org/entity/Q1286876,kko:isAbout,http://kbpedia.org/kko/rc/MaltesePerson
http://www.wikidata.org/entity/Q2462658,owl:equivalentClass,http://kbpedia.org/kko/rc/Manager
http://www.wikidata.org/entity/Q167651,owl:equivalentClass,http://kbpedia.org/kko/rc/Maoist
http://www.wikidata.org/entity/Q37713312,owl:equivalentClass,http://kbpedia.org/kko/rc/Married
http://www.wikidata.org/entity/Q111837,owl:equivalentClass,http://kbpedia.org/kko/rc/Marshal-CommissionedOfficer
http://www.wikidata.org/entity/Q11124885,owl:equivalentClass,http://kbpedia.org/kko/rc/MartialArtist
http://www.wikidata.org/entity/Q7264,owl:equivalentClass,http://kbpedia.org/kko/rc/Marxist
http://www.wikidata.org/entity/Q170790,owl:equivalentClass,http://kbpedia.org/kko/rc/Mathematician
http://www.wikidata.org/entity/Q24702381,owl:equivalentClass,http://kbpedia.org/kko/rc/Mayor
http://www.wikidata.org/entity/Q30185,owl:equivalentClass,http://kbpedia.org/kko/rc/Mayor
http://www.wikidata.org/entity/Q327029,owl:equivalentClass,http://kbpedia.org/kko/rc/Mechanic
http://www.wikidata.org/entity/Q15980804,owl:equivalentClass,http://kbpedia.org/kko/rc/MediaProfessional
http://www.wikidata.org/entity/Q3486937,owl:equivalentClass,http://kbpedia.org/kko/rc/Medic
http://www.wikidata.org/entity/Q181600,owl:equivalentClass,http://kbpedia.org/kko/rc/MedicalPatient
http://www.wikidata.org/entity/Q15401884,owl:equivalentClass,http://kbpedia.org/kko/rc/MedicalResearcher
http://www.wikidata.org/entity/Q15401884,owl:equivalentClass,http://kbpedia.org/kko/rc/MedicalScientist
http://www.wikidata.org/entity/Q8617331,owl:equivalentClass,http://kbpedia.org/kko/rc/MedievalPeople
http://www.wikidata.org/entity/Q6817473,owl:equivalentClass,http://kbpedia.org/kko/rc/MentalHealthProfessional
http://www.wikidata.org/entity/Q838566,owl:equivalentClass,http://kbpedia.org/kko/rc/Metalsmith
http://www.wikidata.org/entity/Q241588,owl:equivalentClass,http://kbpedia.org/kko/rc/MiddleClass
http://www.wikidata.org/entity/Q189290,kko:superClassOf,http://kbpedia.org/kko/rc/MilitaryOfficer
http://www.wikidata.org/entity/Q16882994,rdfs:subClassOf,http://kbpedia.org/kko/rc/MilitaryPerson
http://www.wikidata.org/entity/Q56019,owl:equivalentClass,http://kbpedia.org/kko/rc/MilitaryPersonTypeByRank
http://www.wikidata.org/entity/Q193891,owl:equivalentClass,http://kbpedia.org/kko/rc/MilitaryVeteran
http://www.wikidata.org/entity/Q1075912,owl:equivalentClass,http://kbpedia.org/kko/rc/Millionaire
http://www.wikidata.org/entity/Q820037,owl:equivalentClass,http://kbpedia.org/kko/rc/Miner
http://www.wikidata.org/entity/Q303618,kko:superClassOf,http://kbpedia.org/kko/rc/Minister-Diplomatic
http://www.wikidata.org/entity/Q83307,owl:equivalentClass,http://kbpedia.org/kko/rc/Minister-Governmental
http://www.wikidata.org/entity/Q2518691,owl:equivalentClass,http://kbpedia.org/kko/rc/MinisterOfDefense
http://www.wikidata.org/entity/Q7330070,owl:equivalentClass,http://kbpedia.org/kko/rc/MinisterOfForeignAffairs
http://www.wikidata.org/entity/Q2344557,owl:equivalentClass,http://kbpedia.org/kko/rc/MissingInAction
http://www.wikidata.org/entity/Q28472,owl:equivalentClass,http://kbpedia.org/kko/rc/MobOfHair-Mammal
http://www.wikidata.org/entity/Q116,owl:equivalentClass,http://kbpedia.org/kko/rc/Monarch-HeadOfState
http://www.wikidata.org/entity/Q14864997,owl:equivalentClass,http://kbpedia.org/kko/rc/MoneyManager
http://www.wikidata.org/entity/Q7216889,owl:equivalentClass,http://kbpedia.org/kko/rc/MongolPeople
http://www.wikidata.org/entity/Q733786,owl:equivalentClass,http://kbpedia.org/kko/rc/Monk
http://www.wikidata.org/entity/Q2627780,owl:equivalentClass,http://kbpedia.org/kko/rc/MortgageBanker
http://www.wikidata.org/entity/Q27860394,owl:equivalentClass,http://kbpedia.org/kko/rc/MotorsportAthlete
http://www.wikidata.org/entity/Q9149093,owl:equivalentClass,http://kbpedia.org/kko/rc/MountainClimber
http://www.wikidata.org/entity/Q931260,owl:equivalentClass,http://kbpedia.org/kko/rc/Murderer
http://www.wikidata.org/entity/Q36834,owl:equivalentClass,http://kbpedia.org/kko/rc/MusicalComposer
http://www.wikidata.org/entity/Q158852,owl:equivalentClass,http://kbpedia.org/kko/rc/MusicalConductor
http://www.wikidata.org/entity/Q639669,owl:equivalentClass,http://kbpedia.org/kko/rc/MusicalPerformer
http://www.wikidata.org/entity/Q639669,owl:equivalentClass,http://kbpedia.org/kko/rc/Musician
http://www.wikidata.org/entity/Q1137457,owl:equivalentClass,http://kbpedia.org/kko/rc/Muslim
http://www.wikidata.org/entity/Q47740,owl:equivalentClass,http://kbpedia.org/kko/rc/MuslimPerson
http://www.wikidata.org/entity/Q897939,owl:equivalentClass,http://kbpedia.org/kko/rc/MyersBriggsPersonalityTrait
http://www.wikidata.org/entity/Q6235,kko:isRelatedTo,http://kbpedia.org/kko/rc/Nationalist
http://www.wikidata.org/entity/Q7061598,owl:equivalentClass,http://kbpedia.org/kko/rc/NaturalizedCitizen
http://www.wikidata.org/entity/Q254651,owl:equivalentClass,http://kbpedia.org/kko/rc/Navigator-Explorer
http://www.wikidata.org/entity/Q707995,rdfs:subClassOf,http://kbpedia.org/kko/rc/NavyPersonnel
http://www.wikidata.org/entity/Q7310,kko:isRelatedTo,http://kbpedia.org/kko/rc/Nazi
http://www.wikidata.org/entity/Q20739489,owl:equivalentClass,http://kbpedia.org/kko/rc/Nephrologist
http://www.wikidata.org/entity/Q783906,owl:equivalentClass,http://kbpedia.org/kko/rc/Neurologist
http://www.wikidata.org/entity/Q9385011,owl:equivalentClass,http://kbpedia.org/kko/rc/NeuroSurgeon
http://www.wikidata.org/entity/Q270389,owl:equivalentClass,http://kbpedia.org/kko/rc/Newscaster
http://www.wikidata.org/entity/Q134737,owl:equivalentClass,http://kbpedia.org/kko/rc/Nobility
http://www.wikidata.org/entity/Q355567,owl:equivalentClass,http://kbpedia.org/kko/rc/NobleTitle
http://www.wikidata.org/entity/Q158950,owl:equivalentClass,http://kbpedia.org/kko/rc/NonCommissionedOfficer
http://www.wikidata.org/entity/Q6625963,owl:equivalentClass,http://kbpedia.org/kko/rc/Novelist
http://www.wikidata.org/entity/Q16742096,owl:equivalentClass,http://kbpedia.org/kko/rc/NuclearScientist
http://www.wikidata.org/entity/Q10791,owl:equivalentClass,http://kbpedia.org/kko/rc/Nude
http://www.wikidata.org/entity/Q186360,owl:equivalentClass,http://kbpedia.org/kko/rc/Nurse
http://www.wikidata.org/entity/Q13638192,owl:equivalentClass,http://kbpedia.org/kko/rc/Obstetrician
http://www.wikidata.org/entity/Q4340294,owl:equivalentClass,http://kbpedia.org/kko/rc/OfficerInOrganization
http://www.wikidata.org/entity/Q2944360,owl:equivalentClass,http://kbpedia.org/kko/rc/OldHuman
http://www.wikidata.org/entity/Q16062369,owl:equivalentClass,http://kbpedia.org/kko/rc/Oncologist
http://www.wikidata.org/entity/Q12013238,owl:equivalentClass,http://kbpedia.org/kko/rc/Ophthalmologist
http://www.wikidata.org/entity/Q599151,owl:equivalentClass,http://kbpedia.org/kko/rc/OrganizationRepresentative
http://www.wikidata.org/entity/Q13581129,owl:equivalentClass,http://kbpedia.org/kko/rc/Orienteer
http://www.wikidata.org/entity/Q19340487,owl:equivalentClass,http://kbpedia.org/kko/rc/OrthodoxPriest
http://www.wikidata.org/entity/Q18891002,owl:equivalentClass,http://kbpedia.org/kko/rc/Otorhinolaryngologist
http://www.wikidata.org/entity/Q7111941,owl:equivalentClass,http://kbpedia.org/kko/rc/OutdoorEnthusiast
http://www.wikidata.org/entity/Q254508,owl:equivalentClass,http://kbpedia.org/kko/rc/Outlaw
http://www.wikidata.org/entity/Q12756954,owl:equivalentClass,http://kbpedia.org/kko/rc/Pagan
http://www.wikidata.org/entity/Q510023,owl:equivalentClass,http://kbpedia.org/kko/rc/PaiutePeople
http://www.wikidata.org/entity/Q7566,owl:equivalentClass,http://kbpedia.org/kko/rc/Parent
http://www.wikidata.org/entity/Q486839,owl:equivalentClass,http://kbpedia.org/kko/rc/ParliamentMember
http://www.wikidata.org/entity/Q212948,owl:equivalentClass,http://kbpedia.org/kko/rc/Partisan
http://www.wikidata.org/entity/Q3368718,owl:equivalentClass,http://kbpedia.org/kko/rc/Pathologist
http://www.wikidata.org/entity/Q171692,owl:equivalentClass,http://kbpedia.org/kko/rc/Patriarch
http://www.wikidata.org/entity/Q1365374,rdfs:subClassOf,http://kbpedia.org/kko/rc/Patriot
http://www.wikidata.org/entity/Q363157,owl:equivalentClass,http://kbpedia.org/kko/rc/Peacekeeper
http://www.wikidata.org/entity/Q1919436,owl:equivalentClass,http://kbpedia.org/kko/rc/Pediatrician
http://www.wikidata.org/entity/Q15285764,owl:equivalentClass,http://kbpedia.org/kko/rc/PediatricNeurologist
http://www.wikidata.org/entity/Q1194193,owl:equivalentClass,http://kbpedia.org/kko/rc/Peer
http://www.wikidata.org/entity/Q215627,owl:equivalentClass,http://kbpedia.org/kko/rc/Person
http://www.wikidata.org/entity/Q1282093,owl:equivalentClass,http://kbpedia.org/kko/rc/PersonTypeByMaritalStatus
http://www.wikidata.org/entity/Q12737077,owl:equivalentClass,http://kbpedia.org/kko/rc/PersonTypeByOccupation
http://www.wikidata.org/entity/Q641118,owl:equivalentClass,http://kbpedia.org/kko/rc/PersonTypeByPersonalityTrait
http://www.wikidata.org/entity/Q187588,owl:equivalentClass,http://kbpedia.org/kko/rc/PersonTypeBySocialClass
http://www.wikidata.org/entity/Q189970,owl:equivalentClass,http://kbpedia.org/kko/rc/PersonTypeBySocialFeature
http://www.wikidata.org/entity/Q20127274,owl:equivalentClass,http://kbpedia.org/kko/rc/PersonTypes
http://www.wikidata.org/entity/Q231002,owl:equivalentClass,http://kbpedia.org/kko/rc/PersonWithNationality
http://www.wikidata.org/entity/Q6642423,owl:equivalentClass,http://kbpedia.org/kko/rc/PersonWithOccupation
http://www.wikidata.org/entity/Q105186,owl:equivalentClass,http://kbpedia.org/kko/rc/Pharmacist
http://www.wikidata.org/entity/Q1475726,owl:equivalentClass,http://kbpedia.org/kko/rc/Philatelist
http://www.wikidata.org/entity/Q4964182,owl:equivalentClass,http://kbpedia.org/kko/rc/Philosopher
http://www.wikidata.org/entity/Q33231,owl:equivalentClass,http://kbpedia.org/kko/rc/Photographer
http://www.wikidata.org/entity/Q957729,owl:equivalentClass,http://kbpedia.org/kko/rc/Photojournalist
http://www.wikidata.org/entity/Q694748,owl:equivalentClass,http://kbpedia.org/kko/rc/PhysicalTherapist
http://www.wikidata.org/entity/Q169470,owl:equivalentClass,http://kbpedia.org/kko/rc/Physicist
http://www.wikidata.org/entity/Q2055046,owl:equivalentClass,http://kbpedia.org/kko/rc/Physiologist
http://www.wikidata.org/entity/Q151092,owl:equivalentClass,http://kbpedia.org/kko/rc/PinupModel
http://www.wikidata.org/entity/Q5770349,owl:equivalentClass,http://kbpedia.org/kko/rc/PlasticSurgeon
http://www.wikidata.org/entity/Q728711,owl:equivalentClass,http://kbpedia.org/kko/rc/PlayboyModel
http://www.wikidata.org/entity/Q49757,owl:equivalentClass,http://kbpedia.org/kko/rc/Poet
http://www.wikidata.org/entity/Q1337026,owl:equivalentClass,http://kbpedia.org/kko/rc/PoetLaureate
http://www.wikidata.org/entity/Q16185210,owl:equivalentClass,http://kbpedia.org/kko/rc/PolicyAdvisor
http://www.wikidata.org/entity/Q7169,owl:equivalentClass,http://kbpedia.org/kko/rc/PoliticallyConservativePerson
http://www.wikidata.org/entity/Q7039931,owl:equivalentClass,http://kbpedia.org/kko/rc/PoliticalPerson
http://www.wikidata.org/entity/Q82955,owl:equivalentClass,http://kbpedia.org/kko/rc/Politician
http://www.wikidata.org/entity/Q323081,owl:equivalentClass,http://kbpedia.org/kko/rc/Polyglot
http://www.wikidata.org/entity/Q488111,owl:equivalentClass,http://kbpedia.org/kko/rc/PornStar
http://www.wikidata.org/entity/Q178630,owl:equivalentClass,http://kbpedia.org/kko/rc/PortuguesePerson
http://www.wikidata.org/entity/Q126692,kko:isAbout,http://kbpedia.org/kko/rc/PracticalPersonality
http://www.wikidata.org/entity/Q959664,kko:superClassOf,http://kbpedia.org/kko/rc/Premier-HeadOfGovernment
http://www.wikidata.org/entity/Q959664,kko:superClassOf,http://kbpedia.org/kko/rc/Premier-HeadOfState
http://www.wikidata.org/entity/Q30461,kko:superClassOf,http://kbpedia.org/kko/rc/President-HeadOfGovernmentOrHeadOfState
http://www.wikidata.org/entity/Q30461,kko:superClassOf,http://kbpedia.org/kko/rc/President-HeadOfPoliticalParty
http://www.wikidata.org/entity/Q30461,owl:equivalentClass,http://kbpedia.org/kko/rc/PresidentOfOrganization
http://www.wikidata.org/entity/Q42603,owl:equivalentClass,http://kbpedia.org/kko/rc/Priest
http://www.wikidata.org/entity/Q14212,owl:equivalentClass,http://kbpedia.org/kko/rc/PrimeMinister-HeadOfGovernment
http://www.wikidata.org/entity/Q2747456,owl:equivalentClass,http://kbpedia.org/kko/rc/Prince
http://www.wikidata.org/entity/Q863048,owl:equivalentClass,http://kbpedia.org/kko/rc/Princess
http://www.wikidata.org/entity/Q179637,owl:equivalentClass,http://kbpedia.org/kko/rc/Prisoner-Legal
http://www.wikidata.org/entity/Q27334449,owl:equivalentClass,http://kbpedia.org/kko/rc/Proctologist
http://www.wikidata.org/entity/Q702269,owl:equivalentClass,http://kbpedia.org/kko/rc/Professional
http://www.wikidata.org/entity/Q4610556,owl:equivalentClass,http://kbpedia.org/kko/rc/ProfessionalModel
http://www.wikidata.org/entity/Q121594,owl:equivalentClass,http://kbpedia.org/kko/rc/Professor
http://www.wikidata.org/entity/Q2113048,owl:equivalentClass,http://kbpedia.org/kko/rc/Proponent
http://www.wikidata.org/entity/Q814356,owl:equivalentClass,http://kbpedia.org/kko/rc/Prostitute
http://www.wikidata.org/entity/Q18362440,rdfs:subClassOf,http://kbpedia.org/kko/rc/Provost
http://www.wikidata.org/entity/Q2114175,rdfs:subClassOf,http://kbpedia.org/kko/rc/Provost
http://www.wikidata.org/entity/Q7252809,rdfs:subClassOf,http://kbpedia.org/kko/rc/Provost
http://www.wikidata.org/entity/Q7252811,rdfs:subClassOf,http://kbpedia.org/kko/rc/Provost
http://www.wikidata.org/entity/Q756215,rdfs:subClassOf,http://kbpedia.org/kko/rc/Provost
http://www.wikidata.org/entity/Q13474373,owl:equivalentClass,http://kbpedia.org/kko/rc/ProWrestler
http://www.wikidata.org/entity/Q211346,owl:equivalentClass,http://kbpedia.org/kko/rc/Psychiatrist
http://www.wikidata.org/entity/Q3410028,owl:equivalentClass,http://kbpedia.org/kko/rc/Psychoanalyst
http://www.wikidata.org/entity/Q212980,owl:equivalentClass,http://kbpedia.org/kko/rc/Psychologist
http://www.wikidata.org/entity/Q599151,kko:superClassOf,http://kbpedia.org/kko/rc/PublicOfficial
http://www.wikidata.org/entity/Q2516866,owl:equivalentClass,http://kbpedia.org/kko/rc/Publisher-Occupation
http://www.wikidata.org/entity/Q24017632,owl:equivalentClass,http://kbpedia.org/kko/rc/Pulmonologist
http://www.wikidata.org/entity/Q8808488,owl:equivalentClass,http://kbpedia.org/kko/rc/Puritan
http://www.wikidata.org/entity/Q19643,owl:equivalentClass,http://kbpedia.org/kko/rc/Queen-HeadOfState
http://www.wikidata.org/entity/Q10349745,owl:equivalentClass,http://kbpedia.org/kko/rc/RaceCarDriver
http://www.wikidata.org/entity/Q28528178,owl:equivalentClass,http://kbpedia.org/kko/rc/Racist
http://www.wikidata.org/entity/Q18890587,owl:equivalentClass,http://kbpedia.org/kko/rc/Radiologist
http://www.wikidata.org/entity/Q2722764,owl:equivalentClass,http://kbpedia.org/kko/rc/RadioPersonality
http://www.wikidata.org/entity/Q2072298,owl:equivalentClass,http://kbpedia.org/kko/rc/Recruiter
http://www.wikidata.org/entity/Q477406,owl:equivalentClass,http://kbpedia.org/kko/rc/Regent
http://www.wikidata.org/entity/Q288928,kko:isRelatedTo,http://kbpedia.org/kko/rc/ReligiousAgnostic
http://www.wikidata.org/entity/Q182603,owl:equivalentClass,http://kbpedia.org/kko/rc/ReligiousFigure
http://www.wikidata.org/entity/Q177826,owl:equivalentClass,http://kbpedia.org/kko/rc/ReligiousLeader
http://www.wikidata.org/entity/Q29468,kko:isAbout,http://kbpedia.org/kko/rc/Republican
http://www.wikidata.org/entity/Q1650915,owl:equivalentClass,http://kbpedia.org/kko/rc/Researcher
http://www.wikidata.org/entity/Q561904,owl:equivalentClass,http://kbpedia.org/kko/rc/Reservist
http://www.wikidata.org/entity/Q15217455,owl:equivalentClass,http://kbpedia.org/kko/rc/Resident-Medical
http://www.wikidata.org/entity/Q5997943,owl:equivalentClass,http://kbpedia.org/kko/rc/Rheumatologist
http://www.wikidata.org/entity/Q76074,owl:equivalentClass,http://kbpedia.org/kko/rc/Rightist
http://www.wikidata.org/entity/Q204481,owl:equivalentClass,http://kbpedia.org/kko/rc/RightWingExtremist
http://www.wikidata.org/entity/Q6636942,owl:equivalentClass,http://kbpedia.org/kko/rc/RomanceWriter
http://www.wikidata.org/entity/Q884687,owl:equivalentClass,http://kbpedia.org/kko/rc/Runner
http://www.wikidata.org/entity/Q43115,owl:equivalentClass,http://kbpedia.org/kko/rc/Saint
http://www.wikidata.org/entity/Q685433,owl:equivalentClass,http://kbpedia.org/kko/rc/SalesPerson
http://www.wikidata.org/entity/Q685433,owl:equivalentClass,http://kbpedia.org/kko/rc/SalesRepresentative
http://www.wikidata.org/entity/Q193944,owl:equivalentClass,http://kbpedia.org/kko/rc/Sangha-ReligiousOrderMember
http://www.wikidata.org/entity/Q35230,owl:equivalentClass,http://kbpedia.org/kko/rc/Satan
http://www.wikidata.org/entity/Q20826540,owl:equivalentClass,http://kbpedia.org/kko/rc/Scholar
http://www.wikidata.org/entity/Q901,owl:equivalentClass,http://kbpedia.org/kko/rc/Scientist
http://www.wikidata.org/entity/Q181634,owl:equivalentClass,http://kbpedia.org/kko/rc/ScottishPerson
http://www.wikidata.org/entity/Q360810,owl:equivalentClass,http://kbpedia.org/kko/rc/Scout
http://www.wikidata.org/entity/Q1281618,owl:equivalentClass,http://kbpedia.org/kko/rc/Sculptor
http://www.wikidata.org/entity/Q697304,owl:equivalentClass,http://kbpedia.org/kko/rc/SecondarySchoolLevel
http://www.wikidata.org/entity/Q856887,owl:equivalentClass,http://kbpedia.org/kko/rc/SecurityGuard
http://www.wikidata.org/entity/Q2191756,owl:equivalentClass,http://kbpedia.org/kko/rc/Seer
http://www.wikidata.org/entity/Q194236,owl:equivalentClass,http://kbpedia.org/kko/rc/Separatist
http://www.wikidata.org/entity/Q157696,owl:equivalentClass,http://kbpedia.org/kko/rc/Sergeant-Rank
http://www.wikidata.org/entity/Q54128,owl:equivalentClass,http://kbpedia.org/kko/rc/Servant
http://www.wikidata.org/entity/Q7458519,owl:equivalentClass,http://kbpedia.org/kko/rc/SexOffender
http://www.wikidata.org/entity/Q852857,owl:equivalentClass,http://kbpedia.org/kko/rc/SexWorker
http://www.wikidata.org/entity/Q9585,owl:equivalentClass,http://kbpedia.org/kko/rc/ShiiteMuslimPerson
http://www.wikidata.org/entity/Q849424,owl:equivalentClass,http://kbpedia.org/kko/rc/ShipCaptain
http://www.wikidata.org/entity/Q6408486,owl:equivalentClass,http://kbpedia.org/kko/rc/ShoeCobbler
http://www.wikidata.org/entity/Q31184,owl:equivalentClass,http://kbpedia.org/kko/rc/Sibling
http://www.wikidata.org/entity/Q177220,owl:equivalentClass,http://kbpedia.org/kko/rc/Singer
http://www.wikidata.org/entity/Q488205,owl:equivalentClass,http://kbpedia.org/kko/rc/Singer-songwriter
http://www.wikidata.org/entity/Q7170445,owl:equivalentClass,http://kbpedia.org/kko/rc/SkilledPerson
http://www.wikidata.org/entity/Q1391344,owl:equivalentClass,http://kbpedia.org/kko/rc/SkilledWorker
http://www.wikidata.org/entity/Q6060450,owl:equivalentClass,http://kbpedia.org/kko/rc/SkyDiver
http://www.wikidata.org/entity/Q937857,owl:equivalentClass,http://kbpedia.org/kko/rc/SoccerPlayer
http://www.wikidata.org/entity/Q16003594,owl:equivalentClass,http://kbpedia.org/kko/rc/Socialist
http://www.wikidata.org/entity/Q512314,owl:equivalentClass,http://kbpedia.org/kko/rc/Socialite
http://www.wikidata.org/entity/Q4991371,owl:equivalentClass,http://kbpedia.org/kko/rc/Soldier
http://www.wikidata.org/entity/Q753110,owl:equivalentClass,http://kbpedia.org/kko/rc/Songwriter
http://www.wikidata.org/entity/Q1633149,owl:equivalentClass,http://kbpedia.org/kko/rc/SovietUnionPerson
http://www.wikidata.org/entity/Q160894,owl:equivalentClass,http://kbpedia.org/kko/rc/SpanishPerson
http://www.wikidata.org/entity/Q1758037,owl:equivalentClass,http://kbpedia.org/kko/rc/Speaker-politics
http://www.wikidata.org/entity/Q17221,owl:equivalentClass,http://kbpedia.org/kko/rc/Spokesman
http://www.wikidata.org/entity/Q41583,owl:equivalentClass,http://kbpedia.org/kko/rc/SportsCoach
http://www.wikidata.org/entity/Q15986539,owl:equivalentClass,http://kbpedia.org/kko/rc/SportsOfficial
http://www.wikidata.org/entity/Q11313148,owl:equivalentClass,http://kbpedia.org/kko/rc/Sportswriter
http://www.wikidata.org/entity/Q2737195,kko:isAbout,http://kbpedia.org/kko/rc/SriLankanPerson
http://www.wikidata.org/entity/Q132050,owl:equivalentClass,http://kbpedia.org/kko/rc/StateGovernor
http://www.wikidata.org/entity/Q372436,owl:equivalentClass,http://kbpedia.org/kko/rc/Statesman
http://www.wikidata.org/entity/Q4182927,owl:equivalentClass,http://kbpedia.org/kko/rc/Stockbroker
http://www.wikidata.org/entity/Q755070,owl:equivalentClass,http://kbpedia.org/kko/rc/Storyteller
http://www.wikidata.org/entity/Q7622988,owl:equivalentClass,http://kbpedia.org/kko/rc/StreetPerformer
http://www.wikidata.org/entity/Q48282,owl:equivalentClass,http://kbpedia.org/kko/rc/Student
http://www.wikidata.org/entity/Q43292,owl:equivalentClass,http://kbpedia.org/kko/rc/Sultan-HeadOfState
http://www.wikidata.org/entity/Q483654,owl:equivalentClass,http://kbpedia.org/kko/rc/SunniMuslim
http://www.wikidata.org/entity/Q1240788,owl:equivalentClass,http://kbpedia.org/kko/rc/Supervisor
http://www.wikidata.org/entity/Q774306,owl:equivalentClass,http://kbpedia.org/kko/rc/Surgeon
http://www.wikidata.org/entity/Q939691,owl:equivalentClass,http://kbpedia.org/kko/rc/SwazilandPerson
http://www.wikidata.org/entity/Q181299,owl:equivalentClass,http://kbpedia.org/kko/rc/Swinger
http://www.wikidata.org/entity/Q1066670,owl:equivalentClass,http://kbpedia.org/kko/rc/TagTeam
http://www.wikidata.org/entity/Q707133,kko:isAbout,http://kbpedia.org/kko/rc/TaiwanesePerson
http://www.wikidata.org/entity/Q6642125,owl:equivalentClass,http://kbpedia.org/kko/rc/TalkShowHost
http://www.wikidata.org/entity/Q37226,owl:equivalentClass,http://kbpedia.org/kko/rc/Teacher
http://www.wikidata.org/entity/Q5352191,owl:equivalentClass,http://kbpedia.org/kko/rc/Technician
http://www.wikidata.org/entity/Q7692544,owl:equivalentClass,http://kbpedia.org/kko/rc/Technologist
http://www.wikidata.org/entity/Q620805,owl:equivalentClass,http://kbpedia.org/kko/rc/Theist
http://www.wikidata.org/entity/Q18931911,owl:equivalentClass,http://kbpedia.org/kko/rc/Theorist
http://www.wikidata.org/entity/Q83772,owl:equivalentClass,http://kbpedia.org/kko/rc/ToplessPerson
http://www.wikidata.org/entity/Q5633897,owl:equivalentClass,http://kbpedia.org/kko/rc/Tourist
http://www.wikidata.org/entity/Q4459623,owl:equivalentClass,http://kbpedia.org/kko/rc/Toxicologist
http://www.wikidata.org/entity/Q9765471,owl:equivalentClass,http://kbpedia.org/kko/rc/TrackFieldAthlete
http://www.wikidata.org/entity/Q1424605,owl:equivalentClass,http://kbpedia.org/kko/rc/Trader
http://www.wikidata.org/entity/Q2588761,owl:equivalentClass,http://kbpedia.org/kko/rc/TradeWorker
http://www.wikidata.org/entity/Q189125,owl:equivalentClass,http://kbpedia.org/kko/rc/TransgenderedPerson
http://www.wikidata.org/entity/Q1984232,rdfs:subClassOf,http://kbpedia.org/kko/rc/TranssexualPerson-PreOperation
http://www.wikidata.org/entity/Q22813352,owl:equivalentClass,http://kbpedia.org/kko/rc/Traveller
http://www.wikidata.org/entity/Q186370,owl:equivalentClass,http://kbpedia.org/kko/rc/Troubadour
http://www.wikidata.org/entity/Q7853170,kko:isAbout,http://kbpedia.org/kko/rc/TunisianPerson
http://www.wikidata.org/entity/Q15177436,owl:equivalentClass,http://kbpedia.org/kko/rc/TurkicDiaspora
http://www.wikidata.org/entity/Q84072,kko:isAbout,http://kbpedia.org/kko/rc/TurkishPerson
http://www.wikidata.org/entity/Q1430192,owl:equivalentClass,http://kbpedia.org/kko/rc/UndergraduateLevel
http://www.wikidata.org/entity/Q11696,owl:equivalentClass,http://kbpedia.org/kko/rc/UnitedStatesPresident
http://www.wikidata.org/entity/Q28341938,owl:equivalentClass,http://kbpedia.org/kko/rc/Unmarried
http://www.wikidata.org/entity/Q3485549,owl:equivalentClass,http://kbpedia.org/kko/rc/UnskilledWorker
http://www.wikidata.org/entity/Q1155605,owl:equivalentClass,http://kbpedia.org/kko/rc/UpperClass
http://www.wikidata.org/entity/Q17345122,owl:equivalentClass,http://kbpedia.org/kko/rc/Urologist
http://www.wikidata.org/entity/Q736559,kko:superClassOf,http://kbpedia.org/kko/rc/USStateSecretaryOfState
http://www.wikidata.org/entity/Q42211,owl:equivalentClass,http://kbpedia.org/kko/rc/VandalPeople
http://www.wikidata.org/entity/Q83364,owl:equivalentClass,http://kbpedia.org/kko/rc/Vegetarian
http://www.wikidata.org/entity/Q202883,owl:equivalentClass,http://kbpedia.org/kko/rc/Veterinarian
http://www.wikidata.org/entity/Q42178,owl:equivalentClass,http://kbpedia.org/kko/rc/VicePresidentOfOrganization
http://www.wikidata.org/entity/Q645938,kko:superClassOf,http://kbpedia.org/kko/rc/Victim-UnfortunatePerson
http://www.wikidata.org/entity/Q216151,kko:isAbout,http://kbpedia.org/kko/rc/VietnamesePerson
http://www.wikidata.org/entity/Q4621445,owl:equivalentClass,http://kbpedia.org/kko/rc/Vigilante
http://www.wikidata.org/entity/Q12567,owl:equivalentClass,http://kbpedia.org/kko/rc/Viking-CultureType
http://www.wikidata.org/entity/Q2330647,owl:equivalentClass,http://kbpedia.org/kko/rc/Visionary
http://www.wikidata.org/entity/Q837643,owl:equivalentClass,http://kbpedia.org/kko/rc/WarrantOfficer
http://www.wikidata.org/entity/Q1250916,owl:equivalentClass,http://kbpedia.org/kko/rc/Warrior
http://www.wikidata.org/entity/Q8757386,kko:superClassOf,http://kbpedia.org/kko/rc/WaterSportsAthlete
http://www.wikidata.org/entity/Q13381376,owl:equivalentClass,http://kbpedia.org/kko/rc/Weightlifter
http://www.wikidata.org/entity/Q188353,kko:isAbout,http://kbpedia.org/kko/rc/WelshPerson
http://www.wikidata.org/entity/Q26102,owl:equivalentClass,http://kbpedia.org/kko/rc/Whistleblower
http://www.wikidata.org/entity/Q188830,owl:equivalentClass,http://kbpedia.org/kko/rc/Wife
http://www.wikidata.org/entity/Q18560095,owl:equivalentClass,http://kbpedia.org/kko/rc/Winner
http://www.wikidata.org/entity/Q27978698,owl:equivalentClass,http://kbpedia.org/kko/rc/Wrestler
http://www.wikidata.org/entity/Q36180,owl:equivalentClass,http://kbpedia.org/kko/rc/Writer
http://www.wikidata.org/entity/Q190007,owl:equivalentClass,http://kbpedia.org/kko/rc/YoungHuman
http://www.wikidata.org/entity/Q350979,owl:equivalentClass,http://kbpedia.org/kko/rc/Zoologist
